{"duration_s": 631.1040136054422, "processing_time_s": 43.025962829589844}